﻿Name,MW,SMILES,Activity method,Quantifier,Activity (uM),Assay description,Literature link,
Mycmi6,373.41,NC1=NC(N)=CC=C1/N=N/C2=CC3=NC4=CC=C(OCC)C=C4C(N)=C3C=C2,Kd,=,1.6,,https://pmc.ncbi.nlm.nih.gov/articles/PMC6030159/,
,,NC1=NC(N)=CC=C1/N=N/C2=CC3=NC4=CC=C(OCC)C=C4C(N)=C3C=C2,IC50,<,0.5,,,
Mycmi-11,,CCCCN(c1ccccc1)c2ncnc3c2CNN3C,na,,,,,
MYCMI-14,199,O=C(O)/C=C/C(=O)Nc2cccc3c(=O)c1ccccc1c23,na,,,,,
sAJM589,246.26,OC1=CC2=NC3=CC=CC=C3N=C2C4=CC=CC=C41,IC50,<,1.8,,https://pubmed.ncbi.nlm.nih.gov/28976731/,
KJ-Pyr9,385.37,O=C(N)C1=CC=C(C2=CC(C3=CC=CO3)=NC(C4=CC=C([N+]([O-])=O)C=C4)=C2)C=C1,IC50,<,10,,https://pmc.ncbi.nlm.nih.gov/articles/PMC4151726/,*BEST
,,O=C(N)C1=CC=C(C2=CC(C3=CC=CO3)=NC(C4=CC=C([N+]([O-])=O)C=C4)=C2)C=C1,Kd,=,6.5,,,*BEST
KJ-Pyr-10,,NC(=O)c4ccc(c3cc(c1ccc(N(=O)=O)cc1)nc(c2ccco2)c3)o4,na,,,,,*Still interfered with MYC/MAX
KJ-Pyr6,,COc4ccc(c3cc(c1ccc(C(N)=O)o1)cc(c2ccco2)n3)cc4,na,,,,,*INACTIVE
KJ-Pyr4,,NC(=O)c5ccc(c3cc(c1ccccc1)nc(c2ccco2)c3)cc4)cc5,na,,,,,*INACTIVE
10074-G5,332.31,C1=CC=C(C=C1)C2=CC=CC=C2NC3=CC=C(C4=NON=C34)[N+](=O)[O-],Kd,<,2.8,,https://pmc.ncbi.nlm.nih.gov/articles/PMC2993546/,
10058-F4,249.35,CCC1=CC=C(C=C1)C=C2C(=O)NC(=S)S2,*,,,,https://pubmed.ncbi.nlm.nih.gov/13679853/,
MYCi361,594.86,CN1C(=CC(=N1)C(F)(F)F)C2=C(C(=C(C=C2)OCC3=CC=C(C=C3)Cl)C4=CC(=CC(=C4)C(F)(F)F)C(F)(F)F)O,Kd,<,3.2,,https://pubmed.ncbi.nlm.nih.gov/31679823/ ,
MYCi975,,Cn1nc(C(F)(F)F)cc1c4ccc(OCc2ccc(Cl)cc2)c(c3ccc(Cl)c(C(F)(F)F)c3)c4O,Kd,=,2.5,,https://pmc.ncbi.nlm.nih.gov/articles/PMC6939458/,
